arm,side,L,fve
ws,prefix,1,-0.315882
ws,prefix,2,-0.236079
ws,prefix,3,-0.211230
ws,prefix,4,-0.093141
ws,prefix,5,-0.051272
ws,prefix,6,-0.013485
ws,prefix,7,-0.003709
ws,prefix,8,0.030477
ws,prefix,9,0.043899
ws,prefix,10,0.065332
ws,prefix,11,0.076149
ws,prefix,12,0.093139
ws,prefix,13,0.110176
ws,prefix,14,0.129202
ws,prefix,15,0.152932
ws,prefix,16,0.167933
ws,prefix,17,0.177700
ws,prefix,18,0.183480
ws,prefix,19,0.190635
ws,prefix,20,0.197702
ws,prefix,21,0.203999
ws,prefix,22,0.208181
ws,prefix,23,0.218780
ws,prefix,24,0.220889
ws,prefix,25,0.226596
ws,prefix,26,0.227362
ws,prefix,27,0.230181
ws,prefix,28,0.229997
ws,prefix,29,0.229616
ws,prefix,30,0.234423
ws,prefix,31,0.236479
ws,prefix,32,0.242798
ws,prefix,33,0.244610
ws,prefix,34,0.250680
ws,prefix,35,0.255891
ws,prefix,36,0.263687
ws,prefix,37,0.265746
ws,prefix,38,0.270127
ws,prefix,39,0.272930
ws,prefix,40,0.279793
ws,prefix,41,0.283212
ws,prefix,42,0.286083
ws,prefix,43,0.286401
ws,prefix,44,0.284870
ws,prefix,45,0.284119
ws,prefix,46,0.285688
ws,prefix,47,0.286169
ws,prefix,48,0.289901
ws,prefix,49,0.292551
ws,prefix,50,0.297138
ws,prefix,51,0.297930
ws,prefix,52,0.300583
ws,prefix,53,0.301027
ws,prefix,54,0.302676
ws,prefix,55,0.304542
ws,prefix,56,0.307967
ws,prefix,57,0.308961
ws,prefix,58,0.309719
ws,prefix,59,0.307700
ws,prefix,60,0.310865
ws,prefix,61,0.314115
ws,prefix,62,0.315015
ws,prefix,63,0.317204
ws,prefix,64,0.323569
ws,prefix,65,0.325513
ws,prefix,66,0.326484
ws,prefix,67,0.325439
ws,prefix,68,0.325483
ws,prefix,69,0.325608
ws,prefix,70,0.325184
ws,prefix,71,0.326942
ws,prefix,72,0.329815
ws,prefix,73,0.332077
ws,prefix,74,0.335495
ws,prefix,75,0.336890
ws,prefix,76,0.337056
ws,prefix,77,0.335631
ws,prefix,78,0.336560
ws,prefix,79,0.337866
ws,prefix,80,0.340667
ws,prefix,81,0.343577
ws,prefix,82,0.343943
ws,prefix,83,0.344603
ws,prefix,84,0.347071
ws,prefix,85,0.347160
ws,prefix,86,0.347448
ws,prefix,87,0.348678
ws,prefix,88,0.347542
ws,prefix,89,0.348467
ws,prefix,90,0.346217
ws,prefix,91,0.346469
ws,prefix,92,0.345011
ws,prefix,93,0.344396
ws,prefix,94,0.347612
ws,prefix,95,0.348012
ws,prefix,96,0.347445
ws,prefix,97,0.346958
ws,prefix,98,0.347229
ws,prefix,99,0.346967
ws,prefix,100,0.346833
ws,prefix,101,0.345517
ws,prefix,102,0.345353
ws,prefix,103,0.344358
ws,prefix,104,0.344049
ws,prefix,105,0.344773
ws,prefix,106,0.348140
ws,prefix,107,0.349215
ws,prefix,108,0.351339
ws,prefix,109,0.351929
ws,prefix,110,0.353300
ws,prefix,111,0.353653
ws,prefix,112,0.353942
ws,prefix,113,0.354824
ws,prefix,114,0.353191
ws,prefix,115,0.351115
ws,prefix,116,0.351027
ws,prefix,117,0.351095
ws,prefix,118,0.351832
ws,prefix,119,0.352907
ws,prefix,120,0.352403
ws,suffix,1,-0.370193
ws,suffix,2,-0.398847
ws,suffix,3,-0.434162
ws,suffix,4,-0.418136
ws,suffix,5,-0.419620
ws,suffix,6,-0.426153
ws,suffix,7,-0.440434
ws,suffix,8,-0.421025
ws,suffix,9,-0.406409
ws,suffix,10,-0.402419
ws,suffix,11,-0.396068
ws,suffix,12,-0.388752
ws,suffix,13,-0.367595
ws,suffix,14,-0.360238
ws,suffix,15,-0.354035
ws,suffix,16,-0.354962
ws,suffix,17,-0.347159
ws,suffix,18,-0.325332
ws,suffix,19,-0.322975
ws,suffix,20,-0.323958
ws,suffix,21,-0.313748
ws,suffix,22,-0.315821
ws,suffix,23,-0.311382
ws,suffix,24,-0.310395
ws,suffix,25,-0.313245
ws,suffix,26,-0.323444
ws,suffix,27,-0.310861
ws,suffix,28,-0.304217
ws,suffix,29,-0.309228
ws,suffix,30,-0.314117
ws,suffix,31,-0.323765
ws,suffix,32,-0.314369
ws,suffix,33,-0.314848
ws,suffix,34,-0.309872
ws,suffix,35,-0.299524
ws,suffix,36,-0.281635
ws,suffix,37,-0.287842
ws,suffix,38,-0.278625
ws,suffix,39,-0.274859
ws,suffix,40,-0.276959
ws,suffix,41,-0.270708
ws,suffix,42,-0.266178
ws,suffix,43,-0.252628
ws,suffix,44,-0.251863
ws,suffix,45,-0.241756
ws,suffix,46,-0.241702
ws,suffix,47,-0.225737
ws,suffix,48,-0.215108
ws,suffix,49,-0.209950
ws,suffix,50,-0.207881
ws,suffix,51,-0.203861
ws,suffix,52,-0.220380
ws,suffix,53,-0.201689
ws,suffix,54,-0.204065
ws,suffix,55,-0.197463
ws,suffix,56,-0.189318
ws,suffix,57,-0.191644
ws,suffix,58,-0.188334
ws,suffix,59,-0.185858
ws,suffix,60,-0.178523
ws,suffix,61,-0.171342
ws,suffix,62,-0.169208
ws,suffix,63,-0.167571
ws,suffix,64,-0.151112
ws,suffix,65,-0.151869
ws,suffix,66,-0.151129
ws,suffix,67,-0.161128
ws,suffix,68,-0.158374
ws,suffix,69,-0.161245
ws,suffix,70,-0.159643
ws,suffix,71,-0.156016
ws,suffix,72,-0.153206
ws,suffix,73,-0.154433
ws,suffix,74,-0.150873
ws,suffix,75,-0.145448
ws,suffix,76,-0.144292
ws,suffix,77,-0.135803
ws,suffix,78,-0.140385
ws,suffix,79,-0.126850
ws,suffix,80,-0.122824
ws,suffix,81,-0.113176
ws,suffix,82,-0.116455
ws,suffix,83,-0.120872
ws,suffix,84,-0.106138
ws,suffix,85,-0.107666
ws,suffix,86,-0.098902
ws,suffix,87,-0.097433
ws,suffix,88,-0.096817
ws,suffix,89,-0.094476
ws,suffix,90,-0.097868
ws,suffix,91,-0.083919
ws,suffix,92,-0.079020
ws,suffix,93,-0.085493
ws,suffix,94,-0.080703
ws,suffix,95,-0.072363
ws,suffix,96,-0.077215
ws,suffix,97,-0.072022
ws,suffix,98,-0.060052
ws,suffix,99,-0.062539
ws,suffix,100,-0.070450
ws,suffix,101,-0.054151
ws,suffix,102,-0.020622
ws,suffix,103,-0.019235
ws,suffix,104,0.000307
ws,suffix,105,0.005282
ws,suffix,106,0.021410
ws,suffix,107,0.014335
ws,suffix,108,0.029573
ws,suffix,109,0.054039
ws,suffix,110,0.071075
ws,suffix,111,0.074344
ws,suffix,112,0.078423
ws,suffix,113,0.095303
ws,suffix,114,0.098679
ws,suffix,115,0.096057
ws,suffix,116,0.103541
ws,suffix,117,0.183045
ws,suffix,118,0.254716
ws,suffix,119,0.314194
ws,suffix,120,0.355631
it50,prefix,1,-0.330830
it50,prefix,2,-0.284197
it50,prefix,3,-0.262799
it50,prefix,4,-0.070544
it50,prefix,5,0.026807
it50,prefix,6,0.065978
it50,prefix,7,0.075644
it50,prefix,8,0.089300
it50,prefix,9,0.110194
it50,prefix,10,0.121457
it50,prefix,11,0.145907
it50,prefix,12,0.174520
it50,prefix,13,0.214419
it50,prefix,14,0.242694
it50,prefix,15,0.267416
it50,prefix,16,0.288405
it50,prefix,17,0.302954
it50,prefix,18,0.320975
it50,prefix,19,0.332973
it50,prefix,20,0.342550
it50,prefix,21,0.359168
it50,prefix,22,0.367198
it50,prefix,23,0.375583
it50,prefix,24,0.386192
it50,prefix,25,0.402024
it50,prefix,26,0.405900
it50,prefix,27,0.418317
it50,prefix,28,0.428014
it50,prefix,29,0.441259
it50,prefix,30,0.449120
it50,prefix,31,0.459435
it50,prefix,32,0.467302
it50,prefix,33,0.480211
it50,prefix,34,0.484747
it50,prefix,35,0.500483
it50,prefix,36,0.505044
it50,prefix,37,0.508316
it50,prefix,38,0.510880
it50,prefix,39,0.515062
it50,prefix,40,0.522975
it50,prefix,41,0.531272
it50,prefix,42,0.537474
it50,prefix,43,0.540149
it50,prefix,44,0.544245
it50,prefix,45,0.547469
it50,prefix,46,0.551523
it50,prefix,47,0.551895
it50,prefix,48,0.556028
it50,prefix,49,0.553816
it50,prefix,50,0.555263
it50,prefix,51,0.553812
it50,prefix,52,0.556497
it50,prefix,53,0.559962
it50,prefix,54,0.558022
it50,prefix,55,0.562825
it50,prefix,56,0.563867
it50,prefix,57,0.570990
it50,prefix,58,0.568736
it50,prefix,59,0.565251
it50,prefix,60,0.572097
it50,prefix,61,0.576897
it50,prefix,62,0.579494
it50,prefix,63,0.580331
it50,prefix,64,0.578031
it50,prefix,65,0.579581
it50,prefix,66,0.580888
it50,prefix,67,0.583381
it50,prefix,68,0.584851
it50,prefix,69,0.583975
it50,prefix,70,0.582669
it50,prefix,71,0.582407
it50,prefix,72,0.580305
it50,prefix,73,0.582328
it50,prefix,74,0.584488
it50,prefix,75,0.590508
it50,prefix,76,0.594134
it50,prefix,77,0.593753
it50,prefix,78,0.594209
it50,prefix,79,0.595030
it50,prefix,80,0.596889
it50,prefix,81,0.594253
it50,prefix,82,0.593451
it50,prefix,83,0.594115
it50,prefix,84,0.594628
it50,prefix,85,0.596708
it50,prefix,86,0.599192
it50,prefix,87,0.600914
it50,prefix,88,0.603561
it50,prefix,89,0.604530
it50,prefix,90,0.602794
it50,prefix,91,0.603190
it50,prefix,92,0.603820
it50,prefix,93,0.605131
it50,prefix,94,0.607256
it50,prefix,95,0.606500
it50,prefix,96,0.606480
it50,prefix,97,0.606713
it50,prefix,98,0.609398
it50,prefix,99,0.608652
it50,prefix,100,0.609554
it50,prefix,101,0.609821
it50,prefix,102,0.610569
it50,prefix,103,0.610799
it50,prefix,104,0.611791
it50,prefix,105,0.611884
it50,prefix,106,0.612860
it50,prefix,107,0.613081
it50,prefix,108,0.611703
it50,prefix,109,0.611051
it50,prefix,110,0.611685
it50,prefix,111,0.612857
it50,prefix,112,0.613541
it50,prefix,113,0.613255
it50,prefix,114,0.614225
it50,prefix,115,0.614010
it50,prefix,116,0.614394
it50,prefix,117,0.614732
it50,prefix,118,0.615348
it50,prefix,119,0.617716
it50,prefix,120,0.618698
it50,suffix,1,-0.305997
it50,suffix,2,-0.269429
it50,suffix,3,-0.224237
it50,suffix,4,-0.190519
it50,suffix,5,-0.147249
it50,suffix,6,-0.105766
it50,suffix,7,-0.051280
it50,suffix,8,-0.021116
it50,suffix,9,0.035247
it50,suffix,10,0.060516
it50,suffix,11,0.088124
it50,suffix,12,0.099746
it50,suffix,13,0.129625
it50,suffix,14,0.165587
it50,suffix,15,0.211476
it50,suffix,16,0.269555
it50,suffix,17,0.294461
it50,suffix,18,0.311186
it50,suffix,19,0.339747
it50,suffix,20,0.365872
it50,suffix,21,0.372806
it50,suffix,22,0.379430
it50,suffix,23,0.416623
it50,suffix,24,0.431984
it50,suffix,25,0.439994
it50,suffix,26,0.447896
it50,suffix,27,0.460381
it50,suffix,28,0.472533
it50,suffix,29,0.480700
it50,suffix,30,0.491966
it50,suffix,31,0.504889
it50,suffix,32,0.510491
it50,suffix,33,0.512678
it50,suffix,34,0.515919
it50,suffix,35,0.523629
it50,suffix,36,0.527188
it50,suffix,37,0.532998
it50,suffix,38,0.539058
it50,suffix,39,0.546835
it50,suffix,40,0.551215
it50,suffix,41,0.556279
it50,suffix,42,0.558793
it50,suffix,43,0.560474
it50,suffix,44,0.563959
it50,suffix,45,0.565285
it50,suffix,46,0.571250
it50,suffix,47,0.577070
it50,suffix,48,0.576149
it50,suffix,49,0.577062
it50,suffix,50,0.583124
it50,suffix,51,0.586102
it50,suffix,52,0.587671
it50,suffix,53,0.590208
it50,suffix,54,0.584590
it50,suffix,55,0.581021
it50,suffix,56,0.592016
it50,suffix,57,0.593359
it50,suffix,58,0.597711
it50,suffix,59,0.598767
it50,suffix,60,0.598458
it50,suffix,61,0.600327
it50,suffix,62,0.600404
it50,suffix,63,0.600028
it50,suffix,64,0.602191
it50,suffix,65,0.604204
it50,suffix,66,0.604451
it50,suffix,67,0.605665
it50,suffix,68,0.606531
it50,suffix,69,0.607442
it50,suffix,70,0.607686
it50,suffix,71,0.609331
it50,suffix,72,0.608062
it50,suffix,73,0.607099
it50,suffix,74,0.606183
it50,suffix,75,0.607950
it50,suffix,76,0.607847
it50,suffix,77,0.611126
it50,suffix,78,0.610422
it50,suffix,79,0.612169
it50,suffix,80,0.612968
it50,suffix,81,0.612207
it50,suffix,82,0.613263
it50,suffix,83,0.613753
it50,suffix,84,0.613661
it50,suffix,85,0.614673
it50,suffix,86,0.614158
it50,suffix,87,0.614398
it50,suffix,88,0.614364
it50,suffix,89,0.614972
it50,suffix,90,0.615216
it50,suffix,91,0.615850
it50,suffix,92,0.617192
it50,suffix,93,0.617134
it50,suffix,94,0.617755
it50,suffix,95,0.617448
it50,suffix,96,0.617484
it50,suffix,97,0.617536
it50,suffix,98,0.617721
it50,suffix,99,0.618903
it50,suffix,100,0.619213
it50,suffix,101,0.618824
it50,suffix,102,0.618004
it50,suffix,103,0.618183
it50,suffix,104,0.619250
it50,suffix,105,0.618461
it50,suffix,106,0.617816
it50,suffix,107,0.618159
it50,suffix,108,0.617096
it50,suffix,109,0.616720
it50,suffix,110,0.616658
it50,suffix,111,0.616459
it50,suffix,112,0.617230
it50,suffix,113,0.616403
it50,suffix,114,0.615870
it50,suffix,115,0.615950
it50,suffix,116,0.616036
it50,suffix,117,0.616151
it50,suffix,118,0.616947
it50,suffix,119,0.617835
it50,suffix,120,0.618698
